DATE,LAT,LON,YEAR,DOY,WATER_LEVEL,PRECTOTCORR,RAIN_ANOMALY,GWETROOT,enso_index,MONTH,STATION,month_sin,month_cos,WL_LAG1,WL_LAG2,WL_LAG3,WL_ROLL3,WL_ROLL6
2006-04-01,25.56806,89.67889,2006,105.5,17.907,3.3733333333333335,-2.2745203898536093,0.40700000000000003,-0.49333333333333335,4,Station-C,0.8660254037844387,-0.4999999999999998,17.114516129032257,16.243928571428572,16.54258064516129,16.63367511520737,16.63367511520737
2006-05-01,25.56806,89.67889,2006,136.0,18.87548387096774,8.912580645161292,3.264726921974349,0.4906451612903226,-0.23548387096774195,5,Station-C,0.49999999999999994,-0.8660254037844387,17.907,17.114516129032257,16.243928571428572,17.088481566820274,16.952006336405532
2006-06-01,25.56806,89.67889,2006,166.5,21.693666666666665,9.393666666666666,3.7458129434797236,0.7303333333333334,-0.04666666666666667,6,Station-C,1.2246467991473532e-16,-1.0,18.87548387096774,17.907,17.114516129032257,17.965666666666667,17.336701843317975
2006-07-01,25.56806,89.67889,2006,197.0,22.038709677419355,8.536451612903226,2.8885978897162836,0.7948387096774193,0.05483870967741936,7,Station-C,-0.4999999999999997,-0.8660254037844388,21.693666666666665,18.87548387096774,17.907,19.492050179211468,18.06286264720942
2006-08-01,25.56806,89.67889,2006,228.0,20.88774193548387,4.540967741935484,-1.1068859812514589,0.7429032258064516,0.20967741935483872,8,Station-C,-0.8660254037844385,-0.5000000000000004,22.038709677419355,21.693666666666665,18.87548387096774,20.869286738351253,18.978884152585763
2006-09-01,25.56806,89.67889,2006,258.5,21.637333333333334,7.9479999999999995,2.3001462768130567,0.7170000000000001,0.4066666666666666,9,Station-C,-1.0,-1.8369701987210297e-16,20.88774193548387,22.038709677419355,21.693666666666665,21.540039426523297,19.752853046594982
2006-10-01,25.56806,89.67889,2006,289.0,19.996129032258064,2.2851612903225806,-3.362692432864362,0.7235483870967742,0.6645161290322581,10,Station-C,-0.8660254037844386,0.5000000000000001,21.637333333333334,20.88774193548387,22.038709677419355,21.52126164874552,20.506655913978495
2006-11-01,25.56806,89.67889,2006,319.5,18.583000000000002,0.2196666666666667,-5.428187056520276,0.5690000000000001,0.8533333333333334,11,Station-C,-0.5000000000000004,0.8660254037844384,19.996129032258064,21.637333333333334,20.88774193548387,20.840401433691756,20.854844086021505
2006-12-01,25.56806,89.67889,2006,350.0,17.50225806451613,0.36677419354838714,-5.281079529638555,0.4925806451612903,0.9,12,Station-C,-2.4492935982947064e-16,1.0,18.583000000000002,19.996129032258064,21.637333333333334,20.0721541218638,20.80609677419355
2007-01-01,25.56806,89.67889,2007,16.0,16.92774193548387,0.003870967741935484,-5.643982755445007,0.44290322580645164,0.7903225806451613,1,Station-C,0.49999999999999994,0.8660254037844387,17.50225806451613,18.583000000000002,19.996129032258064,18.69379569892473,20.107528673835127
2007-02-01,25.56806,89.67889,2007,45.5,16.812857142857144,1.1900000000000002,-4.457853723186942,0.42428571428571427,0.45,2,Station-C,0.8660254037844386,0.5000000000000001,16.92774193548387,17.50225806451613,18.583000000000002,17.671,19.255700716845876
2007-03-01,25.56806,89.67889,2007,75.0,16.932258064516127,0.4867741935483871,-5.161079529638556,0.3987096774193548,0.035483870967741936,3,Station-C,1.0,6.123233995736766e-17,16.812857142857144,16.92774193548387,17.50225806451613,17.080952380952382,18.57655325140809
2007-04-01,25.56806,89.67889,2007,105.5,17.935333333333332,1.5083333333333333,-4.13952038985361,0.37099999999999994,-0.20666666666666667,4,Station-C,0.8660254037844387,-0.4999999999999998,16.932258064516127,16.812857142857144,16.92774193548387,16.89095238095238,17.792374039938554
2007-05-01,25.56806,89.67889,2007,136.0,19.448064516129033,3.898064516129032,-1.7497892070579106,0.41516129032258065,-0.3548387096774194,5,Station-C,0.49999999999999994,-0.8660254037844387,17.935333333333332,16.932258064516127,16.812857142857144,17.226816180235534,17.44890809011777
2007-06-01,25.56806,89.67889,2007,166.5,21.491666666666667,15.817,10.169146276813057,0.7033333333333334,-0.4533333333333333,6,Station-C,1.2246467991473532e-16,-1.0,19.448064516129033,17.935333333333332,16.932258064516127,18.10521863799283,17.593085509472605
2007-07-01,25.56806,89.67889,2007,197.0,22.13935483870968,15.46032258064516,9.812468857458217,0.8293548387096774,-0.5548387096774193,7,Station-C,-0.4999999999999997,-0.8660254037844388,21.491666666666667,19.448064516129033,17.935333333333332,19.625021505376345,18.25798694316436
2007-08-01,25.56806,89.67889,2007,228.0,22.431290322580644,5.308064516129033,-0.33978920705791005,0.8745161290322581,-0.7096774193548387,8,Station-C,-0.8660254037844385,-0.5000000000000004,22.13935483870968,21.491666666666667,19.448064516129033,21.02636200716846,19.126589093701998
2007-09-01,25.56806,89.67889,2007,258.5,22.395666666666667,8.301,2.6531462768130574,0.8826666666666667,-0.9600000000000001,9,Station-C,-1.0,-1.8369701987210297e-16,22.431290322580644,22.13935483870968,21.491666666666667,22.020770609318998,20.062994623655914
2007-10-01,25.56806,89.67889,2007,289.0,20.156774193548387,4.507096774193548,-1.1407569489933946,0.8238709677419355,-1.2096774193548387,10,Station-C,-0.8660254037844386,0.5000000000000001,22.395666666666667,22.431290322580644,22.13935483870968,22.32210394265233,20.973562724014336
2007-11-01,25.56806,89.67889,2007,319.5,18.346333333333334,0.5486666666666667,-5.099187056520276,0.6723333333333333,-1.4066666666666667,11,Station-C,-0.5000000000000004,0.8660254037844384,20.156774193548387,22.395666666666667,22.431290322580644,21.661243727598563,21.343802867383513
2007-12-01,25.56806,89.67889,2007,350.0,17.33709677419355,0.0,-5.647853723186943,0.5548387096774193,-1.5548387096774194,12,Station-C,-2.4492935982947064e-16,1.0,18.346333333333334,20.156774193548387,22.395666666666667,20.299591397849465,21.16018100358423
2008-01-01,25.56806,89.67889,2008,16.0,16.831612903225807,0.974516129032258,-4.673337594154685,0.492258064516129,-1.6,1,Station-C,0.49999999999999994,0.8660254037844387,17.33709677419355,18.346333333333334,20.156774193548387,18.613401433691756,20.467752688172045
2008-02-01,25.56806,89.67889,2008,46.0,16.767586206896553,0.06275862068965517,-5.585095102497288,0.4668965517241379,-1.5482758620689654,2,Station-C,0.8660254037844386,0.5000000000000001,16.831612903225807,17.33709677419355,18.346333333333334,17.505014336917565,19.583129032258064
2008-03-01,25.56806,89.67889,2008,76.0,16.943225806451615,0.876774193548387,-4.7710795296385555,0.40483870967741936,-1.3903225806451613,3,Station-C,1.0,6.123233995736766e-17,16.767586206896553,16.831612903225807,17.33709677419355,16.97876529477197,18.639178346310718
2008-04-01,25.56806,89.67889,2008,106.5,18.097666666666665,1.6743333333333335,-3.9735203898536096,0.3876666666666667,-1.1400000000000001,4,Station-C,0.8660254037844387,-0.4999999999999998,16.943225806451615,16.767586206896553,16.831612903225807,16.847474972191325,17.730438202941542
2008-05-01,25.56806,89.67889,2008,137.0,19.141612903225806,5.6729032258064525,0.025049502619509667,0.45129032258064516,-0.8903225806451613,5,Station-C,0.49999999999999994,-0.8660254037844387,18.097666666666665,16.943225806451615,16.767586206896553,17.269492893338278,17.38725361512792
2008-06-01,25.56806,89.67889,2008,167.5,20.895666666666667,12.705,7.057146276813057,0.6753333333333332,-0.6933333333333334,6,Station-C,1.2246467991473532e-16,-1.0,19.141612903225806,18.097666666666665,16.943225806451615,18.060835125448026,17.519800210110002
2008-07-01,25.56806,89.67889,2008,198.0,22.192258064516132,5.967741935483871,0.3198882122969282,0.7729032258064517,-0.49032258064516127,7,Station-C,-0.4999999999999997,-0.8660254037844388,20.895666666666667,19.141612903225806,18.097666666666665,19.37831541218638,18.11289519218885
2008-08-01,25.56806,89.67889,2008,229.0,22.431290322580644,11.086774193548386,5.4389204703614435,0.7951612903225806,-0.2903225806451613,8,Station-C,-0.8660254037844385,-0.5000000000000004,22.192258064516132,20.895666666666667,19.141612903225806,20.743179211469535,19.006336052403906
2008-09-01,25.56806,89.67889,2008,259.5,21.803333333333335,4.508,-1.1398537231869428,0.8413333333333333,-0.2,9,Station-C,-1.0,-1.8369701987210297e-16,22.431290322580644,22.192258064516132,20.895666666666667,21.839738351254482,19.950286738351256
2008-10-01,25.56806,89.67889,2008,290.0,19.6858064516129,5.131612903225807,-0.5162408199611361,0.8009677419354839,-0.3096774193548388,10,Station-C,-0.8660254037844386,0.5000000000000001,21.803333333333335,22.431290322580644,22.192258064516132,22.142293906810036,20.760304659498207
2008-11-01,25.56806,89.67889,2008,320.5,18.667333333333332,1.2856666666666667,-4.362187056520276,0.6713333333333333,-0.5066666666666666,11,Station-C,-0.5000000000000004,0.8660254037844384,19.6858064516129,21.803333333333335,22.431290322580644,21.306810035842293,21.024994623655914
2008-12-01,25.56806,89.67889,2008,351.0,17.712903225806453,0.004838709677419355,-5.643015013509523,0.5796774193548386,-0.6548387096774193,12,Station-C,-2.4492935982947064e-16,1.0,18.667333333333332,19.6858064516129,21.803333333333335,20.052157706093187,20.945948028673836
2009-01-01,25.56806,89.67889,2009,16.0,17.145806451612902,0.001935483870967742,-5.645918239315975,0.4983870967741935,-0.7548387096774193,1,Station-C,0.49999999999999994,0.8660254037844387,17.712903225806453,18.667333333333332,19.6858064516129,18.688681003584232,20.415487455197134
2009-02-01,25.56806,89.67889,2009,45.5,16.78142857142857,0.8160714285714284,-4.831782294615515,0.4585714285714286,-0.8,2,Station-C,0.8660254037844386,0.5000000000000001,17.145806451612902,17.712903225806453,18.667333333333332,17.84201433691756,19.574412186379927
2009-03-01,25.56806,89.67889,2009,75.0,16.790967741935482,0.4867741935483871,-5.161079529638556,0.38967741935483874,-0.6903225806451613,3,Station-C,1.0,6.123233995736766e-17,16.78142857142857,17.145806451612902,17.712903225806453,17.213379416282642,18.632768561187916
2009-04-01,25.56806,89.67889,2009,105.5,17.45,2.4873333333333334,-3.1605203898536094,0.37899999999999995,-0.44,4,Station-C,0.8660254037844387,-0.4999999999999998,16.790967741935482,16.78142857142857,17.145806451612902,16.90606758832565,17.79737429595494
2009-05-01,25.56806,89.67889,2009,136.0,18.508064516129032,7.0438709677419356,1.3960172445549928,0.4983870967741935,-0.13548387096774195,5,Station-C,0.49999999999999994,-0.8660254037844387,17.45,16.790967741935482,16.78142857142857,17.007465437788017,17.42473988735279
2009-06-01,25.56806,89.67889,2009,166.5,19.616333333333333,7.596666666666667,1.948812943479724,0.5876666666666667,0.16,6,Station-C,1.2246467991473532e-16,-1.0,18.508064516129032,17.45,16.790967741935482,17.58301075268817,17.398195084485405
2009-07-01,25.56806,89.67889,2009,197.0,21.433870967741935,9.079354838709676,3.4315011155227335,0.6867741935483871,0.4096774193548387,7,Station-C,-0.4999999999999997,-0.8660254037844388,19.616333333333333,18.508064516129032,17.45,18.52479928315412,17.715433435739886
2009-08-01,25.56806,89.67889,2009,228.0,22.227096774193548,20.613225806451613,14.96537208326467,0.8964516129032257,0.5548387096774193,8,Station-C,-0.8660254037844385,-0.5000000000000004,21.433870967741935,19.616333333333333,18.508064516129032,19.852756272401436,18.430110855094725
2009-09-01,25.56806,89.67889,2009,258.5,20.717333333333332,4.370333333333334,-1.277520389853609,0.8773333333333333,0.6533333333333332,9,Station-C,-1.0,-1.8369701987210297e-16,22.227096774193548,21.433870967741935,19.616333333333333,21.09243369175627,19.337722222222222
2009-10-01,25.56806,89.67889,2009,289.0,19.885483870967743,6.176129032258065,0.5282753090711223,0.8648387096774193,0.864516129032258,10,Station-C,-0.8660254037844386,0.5000000000000001,20.717333333333332,22.227096774193548,21.433870967741935,21.45943369175627,19.992116487455196
2009-11-01,25.56806,89.67889,2009,319.5,18.148666666666667,0.026000000000000002,-5.621853723186943,0.702,1.2133333333333334,11,Station-C,-0.5000000000000004,0.8660254037844384,19.885483870967743,20.717333333333332,22.227096774193548,20.943304659498207,20.39803046594982
2009-12-01,25.56806,89.67889,2009,350.0,17.330000000000002,0.03645161290322581,-5.611402110283717,0.5796774193548386,1.5096774193548386,12,Station-C,-2.4492935982947064e-16,1.0,18.148666666666667,19.885483870967743,20.717333333333332,19.58382795698925,20.338130824372758
2010-01-01,25.56806,89.67889,2010,16.0,16.75225806451613,0.0,-5.647853723186943,0.5022580645161291,1.5451612903225806,1,Station-C,0.49999999999999994,0.8660254037844387,17.330000000000002,18.148666666666667,19.885483870967743,18.45471684587814,19.957075268817203
2010-02-01,25.56806,89.67889,2010,45.5,16.361071428571428,0.042499999999999996,-5.605353723186942,0.4325,1.3499999999999999,2,Station-C,0.8660254037844386,0.5000000000000001,16.75225806451613,17.330000000000002,18.148666666666667,17.4103082437276,19.176806451612904
2010-03-01,25.56806,89.67889,2010,75.0,16.705806451612904,0.12290322580645162,-5.524950497380491,0.3732258064516129,0.9806451612903225,3,Station-C,1.0,6.123233995736766e-17,16.361071428571428,16.75225806451613,17.330000000000002,16.81444316436252,18.199135560675884
2010-04-01,25.56806,89.67889,2010,105.5,19.557666666666666,2.739,-2.908853723186943,0.38466666666666666,0.5866666666666667,4,Station-C,0.8660254037844387,-0.4999999999999998,16.705806451612904,16.361071428571428,16.75225806451613,16.606378648233488,17.530547747055813
2010-05-01,25.56806,89.67889,2010,136.0,20.797096774193548,6.352258064516128,0.7044043413291856,0.48225806451612907,0.07096774193548387,5,Station-C,0.49999999999999994,-0.8660254037844387,19.557666666666666,16.705806451612904,16.361071428571428,17.54151484895033,17.475911546338967
2010-06-01,25.56806,89.67889,2010,166.5,21.981,16.229333333333333,10.58147961014639,0.7200000000000001,-0.4666666666666667,6,Station-C,1.2246467991473532e-16,-1.0,20.797096774193548,19.557666666666666,16.705806451612904,19.020189964157705,17.917316564260116
2010-07-01,25.56806,89.67889,2010,197.0,23.06451612903226,8.913870967741936,3.266017244554993,0.8864516129032258,-0.864516129032258,7,Station-C,-0.4999999999999997,-0.8660254037844388,21.981,20.797096774193548,19.557666666666666,20.77858781362007,18.69248323092678
2010-08-01,25.56806,89.67889,2010,228.0,22.50741935483871,8.053870967741934,2.4060172445549917,0.8222580645161289,-1.164516129032258,8,Station-C,-0.8660254037844385,-0.5000000000000004,23.06451612903226,21.981,20.797096774193548,21.947537634408604,19.744526241679466
2010-09-01,25.56806,89.67889,2010,258.5,22.983666666666668,8.652666666666667,3.004812943479724,0.8753333333333334,-1.4600000000000002,9,Station-C,-1.0,-1.8369701987210297e-16,22.50741935483871,23.06451612903226,21.981,22.51764516129032,20.768917562724017
2010-10-01,25.56806,89.67889,2010,289.0,20.89774193548387,4.78258064516129,-0.8652730780256528,0.8548387096774194,-1.6,10,Station-C,-0.8660254037844386,0.5000000000000001,22.983666666666668,22.50741935483871,23.06451612903226,22.851867383512545,21.81522759856631
2010-11-01,25.56806,89.67889,2010,319.5,18.591333333333335,0.17966666666666667,-5.468187056520276,0.6946666666666667,-1.6,11,Station-C,-0.5000000000000004,0.8660254037844384,20.89774193548387,22.983666666666668,22.50741935483871,22.129609318996415,22.03857347670251
2010-12-01,25.56806,89.67889,2010,350.0,17.547096774193548,0.40903225806451604,-5.2388214651224265,0.5806451612903226,-1.5451612903225806,12,Station-C,-2.4492935982947064e-16,1.0,18.591333333333335,20.89774193548387,22.983666666666668,20.824247311827957,21.670946236559143
2011-01-01,25.56806,89.67889,2011,16.0,16.9941935483871,0.060322580645161286,-5.587531142541781,0.5090322580645161,-1.3903225806451613,1,Station-C,0.49999999999999994,0.8660254037844387,17.547096774193548,18.591333333333335,20.89774193548387,19.01205734767025,20.9319623655914
2011-02-01,25.56806,89.67889,2011,45.5,16.645357142857144,0.4175,-5.230353723186942,0.44857142857142857,-1.1500000000000001,2,Station-C,0.8660254037844386,0.5000000000000001,16.9941935483871,17.547096774193548,18.591333333333335,17.710874551971326,19.920241935483872
2011-03-01,25.56806,89.67889,2011,75.0,16.9,0.4387096774193549,-5.209144045767588,0.38870967741935486,-0.8903225806451613,3,Station-C,1.0,6.123233995736766e-17,16.645357142857144,16.9941935483871,17.547096774193548,17.062215821812597,18.943231566820277
2011-04-01,25.56806,89.67889,2011,105.5,17.699333333333335,2.2766666666666664,-3.3711870565202764,0.3863333333333333,-0.6933333333333334,4,Station-C,0.8660254037844387,-0.4999999999999998,16.9,16.645357142857144,16.9941935483871,16.84651689708141,17.929287122375833
2011-05-01,25.56806,89.67889,2011,136.0,18.811935483870965,8.212258064516128,2.564404341329185,0.5064516129032258,-0.5451612903225806,5,Station-C,0.49999999999999994,-0.8660254037844387,17.699333333333335,16.9,16.645357142857144,17.08156349206349,17.39621902201741
2011-06-01,25.56806,89.67889,2011,166.5,20.274,8.469666666666667,2.821812943479724,0.5763333333333333,-0.44666666666666666,6,Station-C,1.2246467991473532e-16,-1.0,18.811935483870965,17.699333333333335,16.9,17.803756272401433,17.432986047107015
2011-07-01,25.56806,89.67889,2011,197.0,22.149354838709677,7.999677419354839,2.351823696167896,0.7280645161290322,-0.4,7,Station-C,-0.4999999999999997,-0.8660254037844388,20.274,18.811935483870965,17.699333333333335,18.9284229390681,17.887469918074757
2011-08-01,25.56806,89.67889,2011,228.0,22.14483870967742,18.32032258064516,12.672468857458218,0.9074193548387096,-0.5096774193548387,8,Station-C,-0.8660254037844385,-0.5000000000000004,22.149354838709677,20.274,18.811935483870965,20.411763440860213,18.746663466461854
2011-09-01,25.56806,89.67889,2011,258.5,20.783666666666665,10.871333333333332,5.22347961014639,0.894,-0.7066666666666667,9,Station-C,-1.0,-1.8369701987210297e-16,22.14483870967742,22.149354838709677,20.274,21.522731182795695,19.663243727598566
2011-10-01,25.56806,89.67889,2011,289.0,19.591290322580647,0.19516129032258064,-5.452692432864362,0.8093548387096774,-0.9096774193548387,10,Station-C,-0.8660254037844386,0.5000000000000001,20.783666666666665,22.14483870967742,22.149354838709677,21.692620071684587,20.310521505376343
2011-11-01,25.56806,89.67889,2011,319.5,18.105999999999998,0.13966666666666666,-5.508187056520276,0.6153333333333334,-1.0,11,Station-C,-0.5000000000000004,0.8660254037844384,19.591290322580647,20.783666666666665,22.14483870967742,20.83993189964158,20.625847670250895
2011-12-01,25.56806,89.67889,2011,350.0,17.418387096774193,0.011935483870967743,-5.635918239315975,0.5090322580645161,-0.9451612903225807,12,Station-C,-2.4492935982947064e-16,1.0,18.105999999999998,19.591290322580647,20.783666666666665,19.493652329749104,20.5081917562724
2012-01-01,25.56806,89.67889,2012,16.0,17.035806451612903,0.33225806451612905,-5.315595658670814,0.45870967741935487,-0.7903225806451613,1,Station-C,0.49999999999999994,0.8660254037844387,17.418387096774193,18.105999999999998,19.591290322580647,18.37189247311828,20.032256272401433
2012-02-01,25.56806,89.67889,2012,46.0,16.801379310344828,0.26413793103448274,-5.38371579215246,0.4110344827586207,-0.6482758620689656,2,Station-C,0.8660254037844386,0.5000000000000001,17.035806451612903,17.418387096774193,18.105999999999998,17.52006451612903,19.179998207885305
2012-03-01,25.56806,89.67889,2012,76.0,16.938064516129035,0.05548387096774194,-5.592369852219201,0.36967741935483867,-0.5451612903225806,3,Station-C,1.0,6.123233995736766e-17,16.801379310344828,17.035806451612903,17.418387096774193,17.08519095291064,18.28942164132987
2012-04-01,25.56806,89.67889,2012,106.5,18.035666666666668,5.006,-0.6418537231869426,0.432,-0.44666666666666666,4,Station-C,0.8660254037844387,-0.4999999999999998,16.938064516129035,16.801379310344828,17.035806451612903,16.92508342602892,17.648487949573603
2012-05-01,25.56806,89.67889,2012,137.0,19.427419354838708,4.393225806451613,-1.2546279167353296,0.4729032258064516,-0.2903225806451613,5,Station-C,0.49999999999999994,-0.8660254037844387,18.035666666666668,16.938064516129035,16.801379310344828,17.258370164380178,17.389217340254604
2012-06-01,25.56806,89.67889,2012,167.5,21.545,9.244666666666665,3.5968129434797227,0.5756666666666667,-0.04000000000000001,6,Station-C,1.2246467991473532e-16,-1.0,19.427419354838708,18.035666666666668,16.938064516129035,18.133716845878137,17.609453899394392
2012-07-01,25.56806,89.67889,2012,200.0,22.68111111111111,11.985185185185184,6.337331461998241,0.8348148148148148,0.22592592592592592,7,Station-C,-0.4999999999999997,-0.8660254037844388,21.545,19.427419354838708,18.035666666666668,19.66936200716846,18.297222716598693
2012-08-01,25.56806,89.67889,2012,229.0,21.783870967741933,5.664516129032258,0.016662405845314865,0.8103225806451613,0.3548387096774194,8,Station-C,-0.8660254037844385,-0.5000000000000004,22.68111111111111,21.545,19.427419354838708,21.21784348864994,19.23810682651506
2012-09-01,25.56806,89.67889,2012,259.5,22.231333333333332,12.501333333333333,6.85347961014639,0.8936666666666666,0.4,9,Station-C,-1.0,-1.8369701987210297e-16,21.783870967741933,22.68111111111111,21.545,22.003327359617682,20.06852210274791
2012-10-01,25.56806,89.67889,2012,290.0,21.181612903225805,2.745161290322581,-2.9026924328643617,0.8622580645161291,0.34516129032258064,10,Station-C,-0.8660254037844386,0.5000000000000001,22.231333333333332,21.783870967741933,22.68111111111111,22.23210513739546,20.95073357228196
2012-11-01,25.56806,89.67889,2012,320.5,18.561333333333334,0.5903333333333333,-5.057520389853609,0.6880000000000001,0.19333333333333333,11,Station-C,-0.5000000000000004,0.8660254037844384,21.181612903225805,22.231333333333332,21.783870967741933,21.73227240143369,21.475057945041815
2012-12-01,25.56806,89.67889,2012,351.0,17.681612903225805,0.01,-5.637853723186943,0.5680645161290322,-0.009677419354838712,12,Station-C,-2.4492935982947064e-16,1.0,18.561333333333334,21.181612903225805,22.231333333333332,20.65809318996416,21.33071027479092
2013-01-01,25.56806,89.67889,2013,16.0,17.144516129032258,0.015483870967741935,-5.632369852219201,0.4890322580645161,-0.20967741935483872,1,Station-C,0.49999999999999994,0.8660254037844387,17.681612903225805,18.561333333333334,21.181612903225805,19.141519713261648,20.68681242532855
2013-02-01,25.56806,89.67889,2013,45.5,16.84107142857143,0.5292857142857142,-5.118568008901229,0.4278571428571429,-0.3,2,Station-C,0.8660254037844386,0.5000000000000001,17.144516129032258,17.681612903225805,18.561333333333334,17.795820788530467,19.764046594982076
2013-03-01,25.56806,89.67889,2013,75.0,16.75516129032258,0.16032258064516128,-5.487531142541782,0.37741935483870964,-0.24516129032258063,3,Station-C,1.0,6.123233995736766e-17,16.84107142857143,17.144516129032258,17.681612903225805,17.22240015360983,18.940246671786994
2013-04-01,25.56806,89.67889,2013,105.5,17.791666666666668,2.673,-2.9748537231869427,0.3873333333333333,-0.2,4,Station-C,0.8660254037844387,-0.4999999999999998,16.75516129032258,16.84107142857143,17.144516129032258,16.913582949308754,18.0275513312852
2013-05-01,25.56806,89.67889,2013,136.0,19.450645161290325,9.049032258064516,3.401178534877573,0.5145161290322581,-0.25483870967741934,5,Station-C,0.49999999999999994,-0.8660254037844387,17.791666666666668,16.75516129032258,16.84107142857143,17.129299795186892,17.46256029185868
2013-06-01,25.56806,89.67889,2013,166.5,20.503333333333334,8.753666666666668,3.105812943479725,0.6616666666666667,-0.3,6,Station-C,1.2246467991473532e-16,-1.0,19.450645161290325,17.791666666666668,16.75516129032258,17.99915770609319,17.61077892985151
2013-07-01,25.56806,89.67889,2013,197.0,22.476451612903226,8.073548387096775,2.425694663909832,0.8200000000000001,-0.3548387096774194,7,Station-C,-0.4999999999999997,-0.8660254037844388,20.503333333333334,19.450645161290325,17.791666666666668,19.248548387096776,18.081065668202765
2013-08-01,25.56806,89.67889,2013,228.0,21.63193548387097,9.033548387096776,3.385694663909833,0.8496774193548388,-0.34516129032258064,8,Station-C,-0.8660254037844385,-0.5000000000000004,22.476451612903226,20.503333333333334,19.450645161290325,20.810143369175627,18.96972158218126
2013-09-01,25.56806,89.67889,2013,258.5,21.46966666666667,5.370333333333334,-0.27752038985360894,0.8360000000000001,-0.24666666666666667,9,Station-C,-1.0,-1.8369701987210297e-16,21.63193548387097,22.476451612903226,20.503333333333334,21.53724014336918,19.768198924731184
2013-10-01,25.56806,89.67889,2013,289.0,19.793870967741935,8.783548387096776,3.135694663909833,0.8803225806451612,-0.14516129032258066,10,Station-C,-0.8660254037844386,0.5000000000000001,21.46966666666667,21.63193548387097,22.476451612903226,21.859351254480288,20.55394982078853
2013-11-01,25.56806,89.67889,2013,319.5,18.58533333333333,0.0,-5.647853723186943,0.776,-0.1,11,Station-C,-0.5000000000000004,0.8660254037844384,19.793870967741935,21.46966666666667,21.63193548387097,20.96515770609319,20.88765053763441
2013-12-01,25.56806,89.67889,2013,350.0,17.567419354838712,0.0025806451612903226,-5.645273078025652,0.6303225806451612,-0.1548387096774194,12,Station-C,-2.4492935982947064e-16,1.0,18.58533333333333,19.793870967741935,21.46966666666667,19.949623655913978,20.743431899641575
2014-01-01,25.56806,89.67889,2014,16.0,17.054516129032258,0.015483870967741935,-5.632369852219201,0.5351612903225806,-0.25483870967741934,1,Station-C,0.49999999999999994,0.8660254037844387,17.567419354838712,18.58533333333333,19.793870967741935,18.64887455197133,20.254112903225806
2014-02-01,25.56806,89.67889,2014,45.5,16.796785714285715,0.5292857142857142,-5.118568008901229,0.47214285714285714,-0.3,2,Station-C,0.8660254037844386,0.5000000000000001,17.054516129032258,17.567419354838712,18.58533333333333,17.73575627240143,19.350456989247313
2014-03-01,25.56806,89.67889,2014,75.0,16.758387096774193,0.16032258064516128,-5.487531142541782,0.41419354838709677,-0.1903225806451613,3,Station-C,1.0,6.123233995736766e-17,16.796785714285715,17.054516129032258,17.567419354838712,17.139573732718898,18.544598694316438
2014-04-01,25.56806,89.67889,2014,105.5,17.241333333333333,2.673,-2.9748537231869427,0.3636666666666667,0.060000000000000005,4,Station-C,0.8660254037844387,-0.4999999999999998,16.758387096774193,16.796785714285715,17.054516129032258,16.869896313364055,17.75938543266769
2014-05-01,25.56806,89.67889,2014,136.0,19.14548387096774,9.049032258064516,3.401178534877573,0.4129032258064516,0.25483870967741934,5,Station-C,0.49999999999999994,-0.8660254037844387,17.241333333333333,16.758387096774193,16.796785714285715,16.932168714797744,17.33396249359959
2014-06-01,25.56806,89.67889,2014,166.5,20.81433333333333,8.753666666666668,3.105812943479725,0.6113333333333333,0.24666666666666667,6,Station-C,1.2246467991473532e-16,-1.0,19.14548387096774,17.241333333333333,16.758387096774193,17.715068100358422,17.42732091653866
2014-07-01,25.56806,89.67889,2014,197.0,22.312580645161294,8.073548387096775,2.425694663909832,0.7851612903225806,0.14516129032258066,7,Station-C,-0.4999999999999997,-0.8660254037844388,20.81433333333333,19.14548387096774,17.241333333333333,19.067050179211467,17.96847324628776
2014-08-01,25.56806,89.67889,2014,228.0,22.758709677419354,9.033548387096776,3.385694663909833,0.8048387096774193,0.1,8,Station-C,-0.8660254037844385,-0.5000000000000004,22.312580645161294,20.81433333333333,19.14548387096774,20.757465949820787,18.84481733230927
2014-09-01,25.56806,89.67889,2014,258.5,22.264,5.370333333333334,-0.27752038985360894,0.9283333333333333,0.20666666666666667,9,Station-C,-1.0,-1.8369701987210297e-16,22.758709677419354,22.312580645161294,20.81433333333333,21.961874551971324,19.838471326164875
2014-10-01,25.56806,89.67889,2014,289.0,20.18967741935484,8.783548387096776,3.135694663909833,0.8596774193548387,0.4096774193548387,10,Station-C,-0.8660254037844386,0.5000000000000001,22.264,22.758709677419354,22.312580645161294,22.445096774193548,20.75607347670251
2014-11-01,25.56806,89.67889,2014,319.5,18.408666666666665,0.0,-5.647853723186943,0.6726666666666666,0.6066666666666667,11,Station-C,-0.5000000000000004,0.8660254037844384,20.18967741935484,22.264,22.758709677419354,21.737462365591398,21.247464157706094
2014-12-01,25.56806,89.67889,2014,350.0,17.732903225806453,0.0025806451612903226,-5.645273078025652,0.5545161290322581,0.7548387096774193,12,Station-C,-2.4492935982947064e-16,1.0,18.408666666666665,20.18967741935484,22.264,20.287448028673833,21.12466129032258
2015-01-01,25.56806,89.67889,2015,16.0,17.23,0.529032258064516,-5.118821465122426,0.49483870967741933,0.7451612903225807,1,Station-C,0.49999999999999994,0.8660254037844387,17.732903225806453,18.408666666666665,20.18967741935484,18.777082437275986,20.61108960573477
2015-02-01,25.56806,89.67889,2015,45.5,16.898214285714285,0.5589285714285714,-5.088925151758371,0.43571428571428567,0.65,2,Station-C,0.8660254037844386,0.5000000000000001,17.23,17.732903225806453,18.408666666666665,17.79052329749104,19.76399283154122
2015-03-01,25.56806,89.67889,2015,75.0,17.16290322580645,0.6506451612903227,-4.99720856189662,0.38741935483870965,0.6548387096774193,3,Station-C,1.0,6.123233995736766e-17,16.898214285714285,17.23,17.732903225806453,17.28703917050691,18.787243599590372
2015-04-01,25.56806,89.67889,2015,105.5,18.427,5.048666666666667,-0.5991870565202762,0.43233333333333335,0.7533333333333334,4,Station-C,0.8660254037844387,-0.4999999999999998,17.16290322580645,16.898214285714285,17.23,17.097039170506914,17.93706080389145
2015-05-01,25.56806,89.67889,2015,136.0,19.677096774193547,7.216451612903226,1.5685978897162833,0.5280645161290323,0.9096774193548387,5,Station-C,0.49999999999999994,-0.8660254037844387,18.427,17.16290322580645,16.898214285714285,17.496039170506908,17.643281233998973
2015-06-01,25.56806,89.67889,2015,166.5,22.299666666666667,13.256666666666666,7.608812943479723,0.7056666666666666,1.16,6,Station-C,1.2246467991473532e-16,-1.0,19.677096774193547,18.427,17.16290322580645,18.42233333333333,17.854686251920125
2015-07-01,25.56806,89.67889,2015,197.0,21.75258064516129,7.711935483870968,2.064081760684025,0.8374193548387097,1.4645161290322581,7,Station-C,-0.4999999999999997,-0.8660254037844388,22.299666666666667,19.677096774193547,18.427,20.134587813620072,18.61581349206349
2015-08-01,25.56806,89.67889,2015,228.0,21.661290322580644,14.400645161290322,8.75279143810338,0.8893548387096775,1.7645161290322582,8,Station-C,-0.8660254037844385,-0.5000000000000004,21.75258064516129,22.299666666666667,19.677096774193547,21.2431146953405,19.369576932923707
2015-09-01,25.56806,89.67889,2015,258.5,22.603666666666665,9.984,4.336146276813057,0.9583333333333334,2.06,9,Station-C,-1.0,-1.8369701987210297e-16,21.661290322580644,21.75258064516129,22.299666666666667,21.904512544802866,20.1634229390681
2015-10-01,25.56806,89.67889,2015,289.0,20.096451612903227,0.8464516129032259,-4.801402110283717,0.8170967741935483,2.364516129032258,10,Station-C,-0.8660254037844386,0.5000000000000001,22.603666666666665,21.661290322580644,21.75258064516129,22.0058458781362,21.070216845878136
2015-11-01,25.56806,89.67889,2015,319.5,18.423333333333336,0.018000000000000002,-5.629853723186943,0.6266666666666667,2.5533333333333332,11,Station-C,-0.5000000000000004,0.8660254037844384,20.096451612903227,22.603666666666665,21.661290322580644,21.453802867383512,21.34845878136201
2015-12-01,25.56806,89.67889,2015,350.0,17.60967741935484,0.013225806451612903,-5.6346279167353295,0.5109677419354839,2.7096774193548385,12,Station-C,-2.4492935982947064e-16,1.0,18.423333333333336,20.096451612903227,22.603666666666665,20.37448387096774,21.139498207885303
2016-01-01,25.56806,89.67889,2016,16.0,17.12451612903226,1.0909677419354842,-4.556885981251458,0.46354838709677415,2.6903225806451614,1,Station-C,0.49999999999999994,0.8660254037844387,17.60967741935484,18.423333333333336,20.096451612903227,18.709820788530465,20.357833333333335
2016-02-01,25.56806,89.67889,2016,46.0,16.873793103448275,0.038965517241379304,-5.608888205945563,0.4286206896551724,2.444827586206897,2,Station-C,0.8660254037844386,0.5000000000000001,17.12451612903226,17.60967741935484,18.423333333333336,17.719175627240144,19.586489247311828
2016-03-01,25.56806,89.67889,2016,76.0,17.256774193548388,2.0916129032258066,-3.556240819961136,0.38225806451612904,1.9709677419354836,3,Station-C,1.0,6.123233995736766e-17,16.873793103448275,17.12451612903226,17.60967741935484,17.20266221727846,18.7885730441231
2016-04-01,25.56806,89.67889,2016,106.5,18.658333333333335,2.3096666666666668,-3.338187056520276,0.436,1.3266666666666667,4,Station-C,0.8660254037844387,-0.4999999999999998,17.256774193548388,16.873793103448275,17.12451612903226,17.08502780867631,17.897424298603386
2016-05-01,25.56806,89.67889,2016,137.0,20.003870967741936,12.217419354838709,6.569565631651766,0.565483870967742,0.7258064516129032,5,Station-C,0.49999999999999994,-0.8660254037844387,18.658333333333335,17.256774193548388,16.873793103448275,17.596300210109998,17.65773791867507
2016-06-01,25.56806,89.67889,2016,167.5,21.112000000000002,11.088333333333333,5.44047961014639,0.719,0.23333333333333334,6,Station-C,1.2246467991473532e-16,-1.0,20.003870967741936,18.658333333333335,17.256774193548388,18.639659498207887,17.92116085774317
2016-07-01,25.56806,89.67889,2016,198.0,23.48677419354839,19.529677419354837,13.881823696167894,0.9390322580645161,-0.16451612903225804,7,Station-C,-0.4999999999999997,-0.8660254037844388,21.112000000000002,20.003870967741936,18.658333333333335,19.92473476702509,18.504881287850697
2016-08-01,25.56806,89.67889,2016,229.0,21.743225806451612,5.881935483870968,0.23408176068402486,0.9061290322580645,-0.4096774193548387,8,Station-C,-0.8660254037844385,-0.5000000000000004,23.48677419354839,21.112000000000002,20.003870967741936,21.534215053763443,19.56525763193672
2016-09-01,25.56806,89.67889,2016,259.5,21.68566666666667,13.677333333333333,8.02947961014639,0.9253333333333333,-0.5533333333333333,9,Station-C,-1.0,-1.8369701987210297e-16,21.743225806451612,23.48677419354839,21.112000000000002,22.114,20.376829749103944
2016-10-01,25.56806,89.67889,2016,290.0,21.105483870967742,5.425161290322581,-0.22269243286436158,0.9335483870967741,-0.6,10,Station-C,-0.8660254037844386,0.5000000000000001,21.68566666666667,21.743225806451612,23.48677419354839,22.305222222222223,21.11497849462366
2016-11-01,25.56806,89.67889,2016,320.5,18.699,0.013666666666666667,-5.634187056520276,0.7576666666666667,-0.6,11,Station-C,-0.5000000000000004,0.8660254037844384,21.105483870967742,21.68566666666667,21.743225806451612,21.51145878136201,21.522836917562724
2016-12-01,25.56806,89.67889,2016,351.0,17.56967741935484,0.14193548387096774,-5.505918239315975,0.6125806451612903,-0.5451612903225806,12,Station-C,-2.4492935982947064e-16,1.0,18.699,21.105483870967742,21.68566666666667,20.496716845878137,21.30535842293907
2017-01-01,25.56806,89.67889,2017,16.0,17.095806451612905,0.09580645161290322,-5.55204727157404,0.5187096774193549,-0.33548387096774196,1,Station-C,0.49999999999999994,0.8660254037844387,17.56967741935484,18.699,21.105483870967742,19.12472043010753,20.714971326164875
2017-02-01,25.56806,89.67889,2017,45.5,16.72392857142857,0.05928571428571429,-5.588568008901229,0.4439285714285714,-0.1,2,Station-C,0.8660254037844386,0.5000000000000001,17.095806451612905,17.56967741935484,18.699,17.78816129032258,19.649810035842293
2017-03-01,25.56806,89.67889,2017,75.0,17.18322580645161,3.6509677419354842,-1.9968859812514586,0.4209677419354839,0.10967741935483873,3,Station-C,1.0,6.123233995736766e-17,16.72392857142857,17.095806451612905,17.56967741935484,17.12980414746544,18.813260496671788
2017-04-01,25.56806,89.67889,2017,105.5,18.259333333333334,9.177666666666665,3.5298129434797225,0.5700000000000001,0.2533333333333333,4,Station-C,0.8660254037844387,-0.4999999999999998,17.18322580645161,16.72392857142857,17.095806451612905,17.00098694316436,18.062853686635943
2017-05-01,25.56806,89.67889,2017,136.0,19.69677419354839,10.263870967741935,4.6160172445549925,0.7351612903225806,0.3548387096774194,5,Station-C,0.49999999999999994,-0.8660254037844387,18.259333333333334,17.18322580645161,16.72392857142857,17.38882923707117,17.588495263696874
2017-06-01,25.56806,89.67889,2017,166.5,21.266000000000002,13.089666666666666,7.441812943479723,0.8416666666666667,0.4,6,Station-C,1.2246467991473532e-16,-1.0,19.69677419354839,18.259333333333334,17.18322580645161,18.37977777777778,17.75479096262161
2017-07-01,25.56806,89.67889,2017,197.0,22.608709677419355,14.146451612903226,8.498597889716283,0.9393548387096774,0.2903225806451613,7,Station-C,-0.4999999999999997,-0.8660254037844388,21.266000000000002,19.69677419354839,18.259333333333334,19.740702508960574,18.37084472606247
2017-08-01,25.56806,89.67889,2017,228.0,22.606129032258064,19.538064516129033,13.89021079294209,0.9661290322580645,0.035483870967741936,8,Station-C,-0.8660254037844385,-0.5000000000000004,22.608709677419355,21.266000000000002,19.69677419354839,21.190494623655916,19.289661930363547
2017-09-01,25.56806,89.67889,2017,258.5,21.901333333333334,9.596333333333332,3.9484796101463893,0.9543333333333333,-0.20666666666666667,9,Station-C,-1.0,-1.8369701987210297e-16,22.606129032258064,22.608709677419355,21.266000000000002,22.160279569892477,20.270028673835125
2017-10-01,25.56806,89.67889,2017,289.0,20.96,8.045483870967741,2.3976301477807986,0.9387096774193548,-0.46451612903225803,10,Station-C,-0.8660254037844386,0.5000000000000001,21.901333333333334,22.606129032258064,22.608709677419355,22.37205734767025,21.056379928315412
2017-11-01,25.56806,89.67889,2017,319.5,18.771,0.132,-5.515853723186943,0.8320000000000001,-0.7066666666666667,11,Station-C,-0.5000000000000004,0.8660254037844384,20.96,21.901333333333334,22.606129032258064,21.822487455197134,21.506491039426525
2017-12-01,25.56806,89.67889,2017,350.0,17.568387096774195,0.4316129032258064,-5.216240819961136,0.7006451612903225,-0.8548387096774194,12,Station-C,-2.4492935982947064e-16,1.0,18.771,20.96,21.901333333333334,20.54411111111111,21.352195340501794
2018-01-01,25.56806,89.67889,2018,16.0,19.623870967741937,0.0006451612903225806,-5.64720856189662,0.594516129032258,-0.8451612903225807,1,Station-C,0.49999999999999994,0.8660254037844387,17.568387096774195,18.771,20.96,19.099795698924734,20.735926523297493
2018-02-01,25.56806,89.67889,2018,45.5,16.776071428571427,0.5603571428571429,-5.0874965803298,0.5007142857142857,-0.75,2,Station-C,0.8660254037844386,0.5000000000000001,19.623870967741937,17.568387096774195,18.771,18.65441935483871,20.23845340501792
2018-03-01,25.56806,89.67889,2018,75.0,16.956451612903226,1.5032258064516129,-4.14462791673533,0.4283870967741935,-0.6451612903225806,3,Station-C,1.0,6.123233995736766e-17,16.776071428571427,19.623870967741937,17.568387096774195,17.989443164362516,19.266777137736817
2018-04-01,25.56806,89.67889,2018,105.5,17.561666666666667,9.752,4.104146276813058,0.5143333333333333,-0.49333333333333335,4,Station-C,0.8660254037844387,-0.4999999999999998,16.956451612903226,16.776071428571427,19.623870967741937,17.785464669738865,18.442630184331797
2018-05-01,25.56806,89.67889,2018,136.0,18.677096774193547,12.098709677419356,6.450855954232413,0.7738709677419354,-0.23548387096774195,5,Station-C,0.49999999999999994,-0.8660254037844387,17.561666666666667,16.956451612903226,16.776071428571427,17.098063236047107,17.87624129544291
2018-06-01,25.56806,89.67889,2018,166.5,20.613333333333333,13.188666666666666,7.5408129434797235,0.8956666666666667,0.006666666666666667,6,Station-C,1.2246467991473532e-16,-1.0,18.677096774193547,17.561666666666667,16.956451612903226,17.731738351254478,17.8605907578085
2018-07-01,25.56806,89.67889,2018,197.0,22.100322580645162,11.011290322580646,5.363436599393703,0.919032258064516,0.1,7,Station-C,-0.4999999999999997,-0.8660254037844388,20.613333333333333,18.677096774193547,17.561666666666667,18.95069892473118,18.36808179723502
2018-08-01,25.56806,89.67889,2018,228.0,22.09032258064516,7.231290322580645,1.5834365993937025,0.9061290322580645,0.20967741935483872,8,Station-C,-0.8660254037844385,-0.5000000000000004,22.100322580645162,20.613333333333333,18.677096774193547,20.46358422939068,18.780823732718893
2018-09-01,25.56806,89.67889,2018,258.5,22.16166666666667,10.075,4.4271462768130565,0.9056666666666666,0.4066666666666666,9,Station-C,-1.0,-1.8369701987210297e-16,22.09032258064516,22.100322580645162,20.613333333333333,21.601326164874553,19.666532258064517
2018-10-01,25.56806,89.67889,2018,289.0,19.89,0.9351612903225807,-4.712692432864362,0.7641935483870969,0.6645161290322581,10,Station-C,-0.8660254037844386,0.5000000000000001,22.16166666666667,22.09032258064516,22.100322580645162,22.117437275985665,20.53406810035842
2018-11-01,25.56806,89.67889,2018,319.5,18.184666666666665,0.031000000000000003,-5.616853723186943,0.5850000000000001,0.9066666666666666,11,Station-C,-0.5000000000000004,0.8660254037844384,19.89,22.16166666666667,22.09032258064516,21.380663082437277,20.92212365591398
2018-12-01,25.56806,89.67889,2018,350.0,17.396774193548385,0.24903225806451615,-5.398821465122427,0.4912903225806452,0.9451612903225807,12,Station-C,-2.4492935982947064e-16,1.0,18.184666666666665,19.89,22.16166666666667,20.078777777777777,20.840051971326165
2019-01-01,25.56806,89.67889,2019,16.0,16.88032258064516,0.006774193548387097,-5.641079529638556,0.4390322580645161,0.9,1,Station-C,0.49999999999999994,0.8660254037844387,17.396774193548385,18.184666666666665,19.89,18.49048028673835,20.303958781362006
2019-02-01,25.56806,89.67889,2019,45.5,16.509642857142858,0.7474999999999999,-4.900353723186943,0.4003571428571429,0.9,2,Station-C,0.8660254037844386,0.5000000000000001,16.88032258064516,17.396774193548385,18.184666666666665,17.487254480286737,19.433958781362005
2019-03-01,25.56806,89.67889,2019,75.0,16.82225806451613,0.7670967741935484,-4.880756948993394,0.38161290322580643,0.8451612903225807,3,Station-C,1.0,6.123233995736766e-17,16.509642857142858,16.88032258064516,17.396774193548385,16.92891321044547,18.503845494111623
2019-04-01,25.56806,89.67889,2019,105.5,17.573333333333334,3.8699999999999997,-1.7778537231869431,0.41633333333333333,0.8,4,Station-C,0.8660254037844387,-0.4999999999999998,16.82225806451613,16.509642857142858,16.88032258064516,16.737407834101383,17.61394406041987
2019-05-01,25.56806,89.67889,2019,136.0,19.912580645161288,10.11,4.462146276813057,0.545483870967742,0.6903225806451613,5,Station-C,0.49999999999999994,-0.8660254037844387,17.573333333333334,16.82225806451613,16.509642857142858,16.968411418330774,17.227832949308755
2019-06-01,25.56806,89.67889,2019,166.5,20.412666666666667,13.838666666666667,8.190812943479724,0.7696666666666666,0.5466666666666666,6,Station-C,1.2246467991473532e-16,-1.0,19.912580645161288,17.573333333333334,16.82225806451613,18.102724014336918,17.51581861239119
2019-07-01,25.56806,89.67889,2019,197.0,22.93,28.799032258064514,23.151178534877573,0.955483870967742,0.3903225806451613,7,Station-C,-0.4999999999999997,-0.8660254037844388,20.412666666666667,19.912580645161288,17.573333333333334,19.29952688172043,18.018467357910907
2019-08-01,25.56806,89.67889,2019,228.0,21.845161290322583,9.664193548387097,4.016339825200154,0.9229032258064516,0.24516129032258063,8,Station-C,-0.8660254037844385,-0.5000000000000004,22.93,20.412666666666667,19.912580645161288,21.085082437275982,19.02674692780338
2019-09-01,25.56806,89.67889,2019,258.5,21.491,20.497333333333334,14.84947961014639,0.949,0.2,9,Station-C,-1.0,-1.8369701987210297e-16,21.845161290322583,22.93,20.412666666666667,21.729275985663083,19.916
2019-10-01,25.56806,89.67889,2019,289.0,20.433870967741935,8.654516129032258,3.006662405845315,0.9587096774193548,0.3096774193548388,10,Station-C,-0.8660254037844386,0.5000000000000001,21.491,21.845161290322583,22.93,22.08872043010753,20.694123655913977
2019-11-01,25.56806,89.67889,2019,319.5,18.793333333333333,0.18233333333333332,-5.4655203898536096,0.8586666666666667,0.5066666666666666,11,Station-C,-0.5000000000000004,0.8660254037844384,20.433870967741935,21.491,21.845161290322583,21.25667741935484,21.17087992831541
2019-12-01,25.56806,89.67889,2019,350.0,17.86806451612903,0.04516129032258065,-5.602692432864362,0.717741935483871,0.6548387096774193,12,Station-C,-2.4492935982947064e-16,1.0,18.793333333333333,20.433870967741935,21.491,20.239401433691757,20.98433870967742
2020-01-01,25.56806,89.67889,2020,16.0,17.469354838709677,0.7087096774193548,-4.939144045767588,0.6358064516129033,0.6451612903225806,1,Station-C,0.49999999999999994,0.8660254037844387,17.86806451612903,18.793333333333333,20.433870967741935,19.031756272401434,20.56023835125448
2020-02-01,25.56806,89.67889,2020,46.0,17.165172413793105,0.2937931034482759,-5.354060619738667,0.5351724137931034,0.6,2,Station-C,0.8660254037844386,0.5000000000000001,17.469354838709677,17.86806451612903,18.793333333333333,18.043584229390678,19.65013082437276
2020-03-01,25.56806,89.67889,2020,76.0,17.15967741935484,1.7251612903225806,-3.922692432864362,0.4838709677419355,0.5451612903225806,3,Station-C,1.0,6.123233995736766e-17,17.165172413793105,17.469354838709677,17.86806451612903,17.50086392287727,18.870132678284516
2020-04-01,25.56806,89.67889,2020,106.5,17.776999999999997,8.321666666666667,2.6738129434797244,0.5076666666666667,0.39333333333333337,4,Station-C,0.8660254037844387,-0.4999999999999998,17.15967741935484,17.165172413793105,17.469354838709677,17.264734890619206,18.14824558151032
2020-05-01,25.56806,89.67889,2020,137.0,19.324838709677422,19.298709677419353,13.65085595423241,0.7722580645161291,0.13548387096774195,5,Station-C,0.49999999999999994,-0.8660254037844387,17.776999999999997,17.15967741935484,17.165172413793105,17.36728327771598,17.705433753553333
2020-06-01,25.56806,89.67889,2020,167.5,22.02466666666667,17.328,11.680146276813057,0.9726666666666667,-0.10666666666666667,6,Station-C,1.2246467991473532e-16,-1.0,19.324838709677422,17.776999999999997,17.15967741935484,18.087172043010753,17.794017982944013
2020-07-01,25.56806,89.67889,2020,198.0,23.39032258064516,19.323548387096775,13.675694663909832,0.9803225806451613,-0.3096774193548388,7,Station-C,-0.4999999999999997,-0.8660254037844388,22.02466666666667,19.324838709677422,17.776999999999997,19.70883512544803,18.486785008033618
2020-08-01,25.56806,89.67889,2020,229.0,22.399354838709677,10.401290322580644,4.753436599393702,0.9493548387096774,-0.45483870967741935,8,Station-C,-0.8660254037844385,-0.5000000000000004,23.39032258064516,22.02466666666667,19.324838709677422,21.57994265232975,19.473612965022866
2020-09-01,25.56806,89.67889,2020,259.5,22.206666666666667,20.478,14.830146276813059,0.9583333333333334,-0.66,9,Station-C,-1.0,-1.8369701987210297e-16,22.399354838709677,23.39032258064516,22.02466666666667,22.60478136200717,20.345976702508963
2020-10-01,25.56806,89.67889,2020,290.0,21.213870967741936,7.817741935483871,2.169888212296928,0.9470967741935483,-0.9645161290322581,10,Station-C,-0.8660254037844386,0.5000000000000001,22.206666666666667,22.399354838709677,23.39032258064516,22.665448028673836,21.18714157706093
2020-11-01,25.56806,89.67889,2020,320.5,18.944,0.031000000000000003,-5.616853723186943,0.8053333333333333,-1.1533333333333333,11,Station-C,-0.5000000000000004,0.8660254037844384,21.213870967741936,22.206666666666667,22.399354838709677,21.93996415770609,21.759953405017924
2020-12-01,25.56806,89.67889,2020,351.0,17.84774193548387,0.0016129032258064516,-5.646240819961136,0.667741935483871,-1.1451612903225807,12,Station-C,-2.4492935982947064e-16,1.0,18.944,21.213870967741936,22.206666666666667,20.788179211469537,21.69648028673835
2021-01-01,25.56806,89.67889,2021,16.0,17.301290322580645,0.007419354838709678,-5.640434368348233,0.5667741935483871,-0.9903225806451614,1,Station-C,0.49999999999999994,0.8660254037844387,17.84774193548387,18.944,21.213870967741936,19.33520430107527,21.00032616487455
2021-02-01,25.56806,89.67889,2021,45.5,16.949285714285715,0.004999999999999999,-5.642853723186943,0.48142857142857143,-0.85,2,Station-C,0.8660254037844386,0.5000000000000001,17.301290322580645,17.84774193548387,18.944,18.03101075268817,19.985487455197134
2021-03-01,25.56806,89.67889,2021,75.0,16.94451612903226,0.7232258064516129,-4.9246279167353295,0.4061290322580645,-0.7451612903225807,3,Station-C,1.0,6.123233995736766e-17,16.949285714285715,17.301290322580645,17.84774193548387,17.36610599078341,19.07714260112647
2021-04-01,25.56806,89.67889,2021,105.5,17.422,2.4883333333333337,-3.159520389853609,0.3983333333333333,-0.5933333333333334,4,Station-C,0.8660254037844387,-0.4999999999999998,16.94451612903226,16.949285714285715,17.301290322580645,17.065030721966206,18.200117511520737
2021-05-01,25.56806,89.67889,2021,136.0,18.626774193548385,11.492258064516129,5.844404341329186,0.574516129032258,-0.44516129032258067,5,Station-C,0.49999999999999994,-0.8660254037844387,17.422,16.94451612903226,16.949285714285715,17.10526728110599,17.56813901689708
2021-06-01,25.56806,89.67889,2021,166.5,20.788333333333334,12.506666666666666,6.858812943479723,0.7583333333333333,-0.3466666666666667,6,Station-C,1.2246467991473532e-16,-1.0,18.626774193548385,17.422,16.94451612903226,17.664430107526883,17.515268049155146
2021-07-01,25.56806,89.67889,2021,197.0,21.919354838709676,10.022258064516128,4.3744043413291855,0.8987096774193548,-0.3,7,Station-C,-0.4999999999999997,-0.8660254037844388,20.788333333333334,18.626774193548385,17.422,18.945702508960572,18.005366615463387
2021-08-01,25.56806,89.67889,2021,228.0,22.039354838709677,16.153548387096773,10.50569466390983,0.9532258064516129,-0.3548387096774194,8,Station-C,-0.8660254037844385,-0.5000000000000004,21.919354838709676,20.788333333333334,18.626774193548385,20.444820788530464,18.775044034818226
2021-09-01,25.56806,89.67889,2021,258.5,21.783666666666665,7.333333333333333,1.6854796101463903,0.9496666666666667,-0.5066666666666666,9,Station-C,-1.0,-1.8369701987210297e-16,22.039354838709677,21.919354838709676,20.788333333333334,21.582347670250897,19.62338888888889
2021-10-01,25.56806,89.67889,2021,289.0,20.140967741935484,10.36225806451613,4.714404341329187,0.9493548387096774,-0.7096774193548387,10,Station-C,-0.8660254037844386,0.5000000000000001,21.783666666666665,22.039354838709677,21.919354838709676,21.91412544802867,20.42991397849462
2021-11-01,25.56806,89.67889,2021,319.5,18.723333333333336,0.016,-5.631853723186943,0.8316666666666667,-0.8533333333333334,11,Station-C,-0.5000000000000004,0.8660254037844384,20.140967741935484,21.783666666666665,22.039354838709677,21.321329749103942,20.883075268817205
2021-12-01,25.56806,89.67889,2021,350.0,17.843225806451613,0.16,-5.487853723186943,0.6919354838709677,-0.9,12,Station-C,-2.4492935982947064e-16,1.0,18.723333333333336,20.140967741935484,21.783666666666665,20.21598924731183,20.89916845878136
2022-01-01,25.56806,89.67889,2022,16.0,17.40516129032258,0.6338709677419354,-5.013982755445007,0.604516129032258,-0.8451612903225807,1,Station-C,0.49999999999999994,0.8660254037844387,17.843225806451613,18.723333333333336,20.140967741935484,18.902508960573478,20.408317204301074
2022-02-01,25.56806,89.67889,2022,45.5,17.14,2.2560714285714285,-3.3917822946155143,0.5764285714285714,-0.8,2,Station-C,0.8660254037844386,0.5000000000000001,17.40516129032258,17.843225806451613,18.723333333333336,17.99057347670251,19.655951612903227
2022-03-01,25.56806,89.67889,2022,75.0,17.103870967741937,0.40580645161290324,-5.242047271574039,0.47354838709677416,-0.8548387096774194,3,Station-C,1.0,6.123233995736766e-17,17.14,17.40516129032258,17.843225806451613,17.462795698924733,18.83939247311828
2022-04-01,25.56806,89.67889,2022,105.5,19.284666666666666,6.564666666666667,0.9168129434797239,0.5093333333333334,-0.9533333333333334,4,Station-C,0.8660254037844387,-0.4999999999999998,17.103870967741937,17.14,17.40516129032258,17.216344086021508,18.059426523297493
2022-05-01,25.56806,89.67889,2022,136.0,20.251290322580644,13.235161290322582,7.587307567135639,0.6870967741935484,-0.9451612903225807,5,Station-C,0.49999999999999994,-0.8660254037844387,19.284666666666666,17.103870967741937,17.14,17.842845878136202,17.916709677419355
2022-06-01,25.56806,89.67889,2022,166.5,21.980666666666664,19.279666666666667,13.631812943479725,0.913,-0.8466666666666668,6,Station-C,1.2246467991473532e-16,-1.0,20.251290322580644,19.284666666666666,17.103870967741937,18.87994265232975,18.171369175627238
2022-07-01,25.56806,89.67889,2022,197.0,21.55322580645161,6.831935483870968,1.184081760684025,0.8474193548387097,-0.8,7,Station-C,-0.4999999999999997,-0.8660254037844388,21.980666666666664,20.251290322580644,19.284666666666666,20.50554121863799,18.860942652329747
2022-08-01,25.56806,89.67889,2022,228.0,21.08451612903226,7.629354838709677,1.9815011155227342,0.8293548387096774,-0.8548387096774194,8,Station-C,-0.8660254037844385,-0.5000000000000004,21.55322580645161,21.980666666666664,20.251290322580644,21.261727598566306,19.552286738351256
2022-09-01,25.56806,89.67889,2022,258.5,21.499666666666666,9.335,3.687146276813058,0.8883333333333333,-0.9533333333333334,9,Station-C,-1.0,-1.8369701987210297e-16,21.08451612903226,21.55322580645161,21.980666666666664,21.53946953405018,20.20970609318996
2022-10-01,25.56806,89.67889,2022,289.0,21.350645161290323,5.876129032258064,0.2282753090711216,0.8867741935483872,-0.9451612903225807,10,Station-C,-0.8660254037844386,0.5000000000000001,21.499666666666666,21.08451612903226,21.55322580645161,21.379136200716843,20.94233870967742
2022-11-01,25.56806,89.67889,2022,319.5,19.062,0.01566666666666667,-5.6321870565202765,0.7506666666666667,-0.8466666666666668,11,Station-C,-0.5000000000000004,0.8660254037844384,21.350645161290323,21.499666666666666,21.08451612903226,21.311609318996418,21.28666845878136
2022-12-01,25.56806,89.67889,2022,350.0,17.709032258064518,0.05806451612903226,-5.589789207057911,0.6112903225806451,-0.7451612903225807,12,Station-C,-2.4492935982947064e-16,1.0,19.062,21.350645161290323,21.499666666666666,20.637437275985665,21.08845340501792
2023-01-01,25.56806,89.67889,2023,16.0,17.140645161290323,0.000967741935483871,-5.646885981251459,0.5258064516129033,-0.5903225806451613,1,Station-C,0.49999999999999994,0.8660254037844387,17.709032258064518,19.062,21.350645161290323,19.373892473118282,20.376514336917563
2023-02-01,25.56806,89.67889,2023,45.5,16.797857142857143,0.06035714285714285,-5.5874965803298,0.45035714285714284,-0.39999999999999997,2,Station-C,0.8660254037844386,0.5000000000000001,17.140645161290323,17.709032258064518,19.062,17.97055913978495,19.64108422939068
2023-03-01,25.56806,89.67889,2023,75.0,16.97483870967742,3.4012903225806452,-2.2465634006062976,0.4332258064516129,-0.13548387096774195,3,Station-C,1.0,6.123233995736766e-17,16.797857142857143,17.140645161290323,17.709032258064518,17.215844854070664,18.92664106502816
2023-04-01,25.56806,89.67889,2023,105.5,17.819666666666667,2.229,-3.4188537231869427,0.4693333333333333,0.16,4,Station-C,0.8660254037844387,-0.4999999999999998,16.97483870967742,16.797857142857143,17.140645161290323,16.971113671274964,18.172503072196623
2023-05-01,25.56806,89.67889,2023,136.0,18.979032258064517,7.64741935483871,1.999565631651767,0.5038709677419354,0.46451612903225803,5,Station-C,0.49999999999999994,-0.8660254037844387,17.819666666666667,16.97483870967742,16.797857142857143,17.197454173067076,17.584006656426013
2023-06-01,25.56806,89.67889,2023,166.5,20.701666666666664,16.997333333333334,11.34947961014639,0.7080000000000001,0.7066666666666667,6,Station-C,1.2246467991473532e-16,-1.0,18.979032258064517,17.819666666666667,16.97483870967742,17.92451254480287,17.570178699436763
2023-07-01,25.56806,89.67889,2023,197.0,22.234516129032258,10.10193548387097,4.454081760684026,0.9077419354838709,0.9645161290322581,7,Station-C,-0.4999999999999997,-0.8660254037844388,20.701666666666664,18.979032258064517,17.819666666666667,19.166788530465947,18.068951100870454
2023-08-01,25.56806,89.67889,2023,228.0,22.445806451612906,15.039032258064516,9.391178534877573,0.9019354838709678,1.2645161290322582,8,Station-C,-0.8660254037844385,-0.5000000000000004,22.234516129032258,20.701666666666664,18.979032258064517,20.638405017921148,18.917929595494112
2023-09-01,25.56806,89.67889,2023,258.5,21.487000000000002,13.012333333333334,7.364479610146391,0.9183333333333333,1.5066666666666668,9,Station-C,-1.0,-1.8369701987210297e-16,22.445806451612906,22.234516129032258,20.701666666666664,21.79399641577061,19.85925448028674
2023-10-01,25.56806,89.67889,2023,289.0,20.59741935483871,7.531612903225806,1.8837591800388633,0.937741935483871,1.7096774193548387,10,Station-C,-0.8660254037844386,0.5000000000000001,21.487000000000002,22.445806451612906,22.234516129032258,22.055774193548388,20.61128136200717
2023-11-01,25.56806,89.67889,2023,319.5,18.569666666666667,0.12566666666666668,-5.522187056520276,0.7543333333333333,1.9066666666666667,11,Station-C,-0.5000000000000004,0.8660254037844384,20.59741935483871,21.487000000000002,22.445806451612906,21.510075268817207,21.074240143369178
2023-12-01,25.56806,89.67889,2023,350.0,17.743548387096773,1.1209677419354838,-4.526885981251459,0.6367741935483872,2.0548387096774197,12,Station-C,-2.4492935982947064e-16,1.0,18.569666666666667,20.59741935483871,21.487000000000002,20.218028673835125,21.006012544802868
2024-01-01,25.56806,89.67889,2024,16.0,17.178709677419352,0.39903225806451614,-5.248821465122426,0.5635483870967741,1.9903225806451614,1,Station-C,0.49999999999999994,0.8660254037844387,17.743548387096773,18.569666666666667,20.59741935483871,18.97021146953405,20.512992831541222
2024-02-01,25.56806,89.67889,2024,46.0,16.877586206896552,0.40724137931034476,-5.240612343876598,0.4893103448275862,1.7448275862068967,2,Station-C,0.8660254037844386,0.5000000000000001,17.178709677419352,17.743548387096773,18.569666666666667,17.83064157706093,19.670358422939067
2024-03-01,25.56806,89.67889,2024,76.0,17.080322580645163,4.574838709677419,-1.073015013509524,0.4729032258064516,1.435483870967742,3,Station-C,1.0,6.123233995736766e-17,16.877586206896552,17.178709677419352,17.743548387096773,17.26661475713756,18.742321715486344
2024-04-01,25.56806,89.67889,2024,106.5,18.113666666666667,0.10533333333333333,-5.5425203898536095,0.45,1.0333333333333334,4,Station-C,0.8660254037844387,-0.4999999999999998,17.080322580645163,16.877586206896552,17.178709677419352,17.045539488320355,18.0078754789272
2024-05-01,25.56806,89.67889,2024,137.0,19.09032258064516,8.786129032258065,3.1382753090711226,0.46354838709677415,0.635483870967742,5,Station-C,0.49999999999999994,-0.8660254037844387,18.113666666666667,17.080322580645163,16.877586206896552,17.357191818069463,17.593916697565195
2024-06-01,25.56806,89.67889,2024,167.5,21.406000000000002,23.201,17.55314627681306,0.8836666666666666,0.33999999999999997,6,Station-C,1.2246467991473532e-16,-1.0,19.09032258064516,18.113666666666667,17.080322580645163,18.094770609318996,17.680692683228276
2024-07-01,25.56806,89.67889,2024,198.0,23.062580645161294,14.340967741935483,8.69311401874854,0.9493548387096774,0.14516129032258066,7,Station-C,-0.4999999999999997,-0.8660254037844388,21.406000000000002,19.09032258064516,18.113666666666667,19.536663082437276,18.291101285378815
2024-08-01,25.56806,89.67889,2024,229.0,21.754193548387097,10.528064516129032,4.880210792942089,0.9087096774193549,-0.009677419354838712,8,Station-C,-0.8660254037844385,-0.5000000000000004,23.062580645161294,21.406000000000002,19.09032258064516,21.18630107526882,19.27174644666914
2024-09-01,25.56806,89.67889,2024,259.5,20.330333333333332,13.547333333333334,7.8994796101463916,0.8653333333333334,-0.15333333333333335,9,Station-C,-1.0,-1.8369701987210297e-16,21.754193548387097,23.062580645161294,21.406000000000002,22.07425806451613,20.084514336917564
2024-10-01,25.56806,89.67889,2024,290.0,20.780322580645162,6.04,0.39214627681305725,0.9351612903225806,-0.2,10,Station-C,-0.8660254037844386,0.5000000000000001,20.330333333333332,21.754193548387097,23.062580645161294,21.71570250896057,20.626182795698927
2024-11-01,25.56806,89.67889,2024,320.5,18.659666666666666,0.15033333333333332,-5.49752038985361,0.7976666666666666,-0.2533333333333333,11,Station-C,-0.5000000000000004,0.8660254037844384,20.780322580645162,20.330333333333332,21.754193548387097,20.95494982078853,21.070625448028675
2024-12-01,25.56806,89.67889,2024,351.0,17.588709677419356,0.0006451612903225806,-5.64720856189662,0.6535483870967742,-0.3548387096774194,12,Station-C,-2.4492935982947064e-16,1.0,18.659666666666666,20.780322580645162,20.330333333333332,19.923440860215052,20.99884946236559
2025-01-01,25.56806,89.67889,2025,16.0,17.108064516129033,0.03129032258064516,-5.616563400606298,0.5496774193548387,-0.4,1,Station-C,0.49999999999999994,0.8660254037844387,17.588709677419356,18.659666666666666,20.780322580645162,19.00956630824373,20.36263440860215
2025-02-01,25.56806,89.67889,2025,45.5,16.881785714285716,0.47428571428571425,-5.173568008901229,0.47214285714285714,-0.3,2,Station-C,0.8660254037844386,0.5000000000000001,17.108064516129033,17.588709677419356,18.659666666666666,17.785480286738352,19.37021505376344
2025-03-01,25.56806,89.67889,2025,75.0,17.188709677419357,0.17580645161290323,-5.47204727157404,0.4106451612903226,-0.14516129032258066,3,Station-C,1.0,6.123233995736766e-17,16.881785714285716,17.108064516129033,17.588709677419356,17.19285330261137,18.55814708141321
2025-04-01,25.56806,89.67889,2025,105.5,18.03666666666667,6.064666666666667,0.41681294347972386,0.4456666666666667,-0.04666666666666667,4,Station-C,0.8660254037844387,-0.4999999999999998,17.188709677419357,16.881785714285716,17.108064516129033,17.059519969278032,18.03454313876088
2025-05-01,25.56806,89.67889,2025,136.0,19.931290322580644,16.080322580645163,10.43246885745822,0.6703225806451614,0.0,5,Station-C,0.49999999999999994,-0.8660254037844387,18.03666666666667,17.188709677419357,16.881785714285716,17.36905401945725,17.5772671530978
2025-06-01,25.56806,89.67889,2025,166.5,21.711666666666666,10.258000000000001,4.610146276813058,0.895,0.0,6,Station-C,1.2246467991473532e-16,-1.0,19.931290322580644,18.03666666666667,17.188709677419357,18.385555555555555,17.789204429083462
2025-07-01,25.56806,89.67889,2025,197.0,21.455483870967743,10.922580645161291,5.274726921974349,0.8606451612903225,-0.05483870967741936,7,Station-C,-0.4999999999999997,-0.8660254037844388,21.711666666666666,19.931290322580644,18.03666666666667,19.893207885304662,18.47636392729135
2025-08-01,25.56806,89.67889,2025,228.0,21.92322580645161,15.145483870967741,9.497630147780798,0.9445161290322581,-0.20967741935483872,8,Station-C,-0.8660254037844385,-0.5000000000000004,21.455483870967743,21.711666666666666,19.931290322580644,21.032813620071682,19.200933819764465
2025-09-01,25.56806,89.67889,2025,258.5,21.985333333333333,10.325333333333333,4.67747961014639,0.917,-0.35333333333333333,9,Station-C,-1.0,-1.8369701987210297e-16,21.92322580645161,21.455483870967743,21.711666666666666,21.69679211469534,20.04117383512545
2025-10-01,25.56806,89.67889,2025,289.0,20.49290322580645,6.869032258064516,1.2211785348775734,0.9025806451612903,-0.45483870967741935,10,Station-C,-0.8660254037844386,0.5000000000000001,21.985333333333333,21.92322580645161,21.455483870967743,21.78801433691756,20.840611111111112
2025-11-01,25.56806,89.67889,2025,319.5,18.773666666666667,1.661,-3.9868537231869428,0.807,-0.5,11,Station-C,-0.5000000000000004,0.8660254037844384,20.49290322580645,21.985333333333333,21.92322580645161,21.4671541218638,21.249983870967743
2025-12-01,25.56806,89.67889,2025,350.0,17.503225806451614,0.000967741935483871,-5.646885981251459,0.6645161290322581,-0.5,12,Station-C,-2.4492935982947064e-16,1.0,18.773666666666667,20.49290322580645,21.985333333333333,20.417301075268817,21.05704659498208
